Title	Venue	Year	Authors
aToucan: An Automated Framework to Derive UML Analysis Models from Use Case Models.	ACM Trans. Softw. Eng. Methodol.	2015	["Tao Yue", "Lionel C. Briand", "Yvan Labiche"]
Documenting Design-Pattern Instances: A Family of Experiments on Source-Code Comprehensibility.	ACM Trans. Softw. Eng. Methodol.	2015	["Giuseppe Scanniello", "Carmine Gravino", "Michele Risi", "Genoveffa Tortora", "Gabriella Dodero"]
Deciding Type-Based Partial-Order Constraints for Path-Sensitive Analysis.	ACM Trans. Softw. Eng. Methodol.	2015	["Elena Sherman", "Brady J. Garvin", "Matthew B. Dwyer"]
Automatic Workarounds: Exploiting the Intrinsic Redundancy of Web Applications.	ACM Trans. Softw. Eng. Methodol.	2015	["Antonio Carzaniga", "Alessandra Gorla", "Nicol\u00f2 Perino", "Mauro Pezz\u00e8"]
Many-Objective Software Remodularization Using NSGA-III.	ACM Trans. Softw. Eng. Methodol.	2015	["Wiem Mkaouer", "Marouane Kessentini", "Adnan Shaout", "Patrice Koligheu", "Slim Bechikh", "Kalyanmoy Deb", "Ali Ouni"]
Software Change Contracts.	ACM Trans. Softw. Eng. Methodol.	2015	["Jooyong Yi", "Dawei Qi", "Shin Hwei Tan", "Abhik Roychoudhury"]
Platys: An Active Learning Framework for Place-Aware Application Development and Its Evaluation.	ACM Trans. Softw. Eng. Methodol.	2015	["Pradeep K. Murukannaiah", "Munindar P. Singh"]
A Baseline Model for Software Effort Estimation.	ACM Trans. Softw. Eng. Methodol.	2015	["Peter A. Whigham", "Caitlin A. Owen", "Stephen G. MacDonell"]
Introduction to the Special Issue on ISSTA 2013.	ACM Trans. Softw. Eng. Methodol.	2015	["Mark Harman", "Mauro Pezz\u00e8"]
Guidelines for Coverage-Based Comparisons of Non-Adequate Test Suites.	ACM Trans. Softw. Eng. Methodol.	2015	["Milos Gligoric", "Alex Groce", "Chaoqiang Zhang", "Rohan Sharma", "Mohammad Amin Alipour", "Darko Marinov"]
Does Automated Unit Test Generation Really Help Software Testers? A Controlled Empirical Study.	ACM Trans. Softw. Eng. Methodol.	2015	["Gordon Fraser", "Matt Staats", "Phil McMinn", "Andrea Arcuri", "Frank Padberg"]
Effective Techniques for Static Race Detection in Java Parallel Loops.	ACM Trans. Softw. Eng. Methodol.	2015	["Cosmin Radoi", "Danny Dig"]
Data Model Property Inference, Verification, and Repair for Web Applications.	ACM Trans. Softw. Eng. Methodol.	2015	["Jaideep Nijjar", "Ivan Bocic", "Tevfik Bultan"]
Automated Support for Reproducing and Debugging Field Failures.	ACM Trans. Softw. Eng. Methodol.	2015	["Wei Jin", "Alessandro Orso"]
Editorial.	ACM Trans. Softw. Eng. Methodol.	2014	["David S. Rosenblum"]
Architecture-centric support for adaptive service collaborations.	ACM Trans. Softw. Eng. Methodol.	2014	["Robrecht Haesevoets", "Danny Weyns", "Tom Holvoet"]
Automated cookie collection testing.	ACM Trans. Softw. Eng. Methodol.	2014	["Andrew F. Tappenden", "James Miller"]
Improving software modularization via automated analysis of latent topics and dependencies.	ACM Trans. Softw. Eng. Methodol.	2014	["Gabriele Bavota", "Malcom Gethers", "Rocco Oliveto", "Denys Poshyvanyk", "Andrea De Lucia"]
Do we need to handle every temporal violation in scientific workflow systems?	ACM Trans. Softw. Eng. Methodol.	2014	["Xiao Liu", "Yun Yang", "Dong Yuan", "Jinjun Chen"]
Model-based synthesis of control software from system-level formal specifications.	ACM Trans. Softw. Eng. Methodol.	2014	["Federico Mari", "Igor Melatti", "Ivano Salvo", "Enrico Tronci"]
Join point interfaces for safe and flexible decoupling of aspects.	ACM Trans. Softw. Eng. Methodol.	2014	["Eric Bodden", "\u00c9ric Tanter", "Milton Inostroza"]
Prevalence of coincidental correctness and mitigation of its impact on fault localization.	ACM Trans. Softw. Eng. Methodol.	2014	["Wes Masri", "Rawad Abou Assi"]
Traceability and SysML design slices to support safety inspections: A controlled experiment.	ACM Trans. Softw. Eng. Methodol.	2014	["Lionel C. Briand", "Davide Falessi", "Shiva Nejati", "Mehrdad Sabetzadeh", "Tao Yue"]
An in-depth study of the potentially confounding effect of class size in fault prediction.	ACM Trans. Softw. Eng. Methodol.	2014	["Yuming Zhou", "Baowen Xu", "Hareton Leung", "Lin Chen"]
Editorial.	ACM Trans. Softw. Eng. Methodol.	2014	["David S. Rosenblum"]
Guided test generation for database applications via synthesized database interactions.	ACM Trans. Softw. Eng. Methodol.	2014	["Kai Pan", "Xintao Wu", "Tao Xie"]
On the impact of UML analysis models on source-code comprehensibility and modifiability.	ACM Trans. Softw. Eng. Methodol.	2014	["Giuseppe Scanniello", "Carmine Gravino", "Marcela Genero", "Jos\u00e9 A. Cruz-Lemus", "Genoveffa Tortora"]
Degree-of-knowledge: Modeling a developer's knowledge of code.	ACM Trans. Softw. Eng. Methodol.	2014	["Thomas Fritz", "Gail C. Murphy", "Emerson R. Murphy-Hill", "Jingwen Ou", "Emily Hill"]
Required behavior of sequence diagrams: Semantics and conformance.	ACM Trans. Softw. Eng. Methodol.	2014	["Lunjin Lu", "Dae-Kyoo Kim"]
A taxonomy for requirements engineering and software test alignment.	ACM Trans. Softw. Eng. Methodol.	2014	["Michael Unterkalmsteiner", "Robert Feldt", "Tony Gorschek"]
ADAM: External dependency-driven architecture discovery and analysis of quality attributes.	ACM Trans. Softw. Eng. Methodol.	2014	["Dharmalingam Ganesan", "Mikael Lindvall"]
Key factors for adopting inner source.	ACM Trans. Softw. Eng. Methodol.	2014	["Klaas-Jan Stol", "Paris Avgeriou", "Muhammad Ali Babar", "Yan Lucas", "Brian Fitzgerald"]
Exact scalable sensitivity analysis for the next release problem.	ACM Trans. Softw. Eng. Methodol.	2014	["Mark Harman", "Jens Krinke", "Inmaculada Medina-Bulo", "Francisco Palomo-Lozano", "Jian Ren", "Shin Yoo"]
Dynamite: A tool for the verification of alloy models based on PVS.	ACM Trans. Softw. Eng. Methodol.	2014	["Mariano M. Moscato", "Carlos L\u00f3pez Pombo", "Marcelo F. Frias"]
Generating Test Cases for Programs that Are Coded against Interfaces and Annotations.	ACM Trans. Softw. Eng. Methodol.	2014	["Mainul Islam", "Christoph Csallner"]
A Methodology for Exposing Risk in Achieving Emergent System Properties.	ACM Trans. Softw. Eng. Methodol.	2014	["Lucas Layman", "Victor R. Basili", "Marvin V. Zelkowitz"]
Scalable Runtime Bloat Detection Using Abstract Dynamic Slicing.	ACM Trans. Softw. Eng. Methodol.	2014	["Guoqing (Harry) Xu", "Nick Mitchell", "Matthew Arnold", "Atanas Rountev", "Edith Schonberg", "Gary Sevitsky"]
GreASE: A Tool for Efficient "Nonequivalence" Checking.	ACM Trans. Softw. Eng. Methodol.	2014	["Nicoletta De Francesco", "Giuseppe Lettieri", "Antonella Santone", "Gigliola Vaglini"]
Architecture-Level Configuration of Large-Scale Embedded Software Systems.	ACM Trans. Softw. Eng. Methodol.	2014	["Razieh Behjati", "Shiva Nejati", "Lionel C. Briand"]
Solving the Search for Source Code.	ACM Trans. Softw. Eng. Methodol.	2014	["Kathryn T. Stolee", "Sebastian G. Elbaum", "Daniel Dobos"]
Editorial.	ACM Trans. Softw. Eng. Methodol.	2014	["David S. Rosenblum"]
Introduction to the Special Issue International Conference on Software Engineering (ICSE 2012).	ACM Trans. Softw. Eng. Methodol.	2014	["Gail C. Murphy", "Mauro Pezz\u00e8"]
Automated Detection of Client-State Manipulation Vulnerabilities.	ACM Trans. Softw. Eng. Methodol.	2014	["Anders M\u00f8ller", "Mathias Schwarz"]
DIG: A Dynamic Invariant Generator for Polynomial and Array Invariants.	ACM Trans. Softw. Eng. Methodol.	2014	["ThanhVu Nguyen", "Deepak Kapur", "Westley Weimer", "Stephanie Forrest"]
On the Comprehension of Program Comprehension.	ACM Trans. Softw. Eng. Methodol.	2014	["Walid Maalej", "Rebecca Tiarks", "Tobias Roehm", "Rainer Koschke"]
Amplifying Tests to Validate Exception Handling Code: An Extended Study in the Mobile Application Domain.	ACM Trans. Softw. Eng. Methodol.	2014	["Pingyu Zhang", "Sebastian G. Elbaum"]
Some Code Smells Have a Significant but Small Effect on Faults.	ACM Trans. Softw. Eng. Methodol.	2014	["Tracy Hall", "Min Zhang", "David Bowes", "Yi Sun"]
Scaling Up Symbolic Analysis by Removing Z-Equivalent States.	ACM Trans. Softw. Eng. Methodol.	2014	["Yueqi Li", "Shing-Chi Cheung", "Xiangyu Zhang", "Yepang Liu"]
Peer Review on Open-Source Software Projects: Parameters, Statistical Models, and Theory.	ACM Trans. Softw. Eng. Methodol.	2014	["Peter C. Rigby", "Daniel M. Germ\u00e1n", "Laura Cowen", "Margaret-Anne D. Storey"]
Assessing the Effect of Screen Mockups on the Comprehension of Functional Requirements.	ACM Trans. Softw. Eng. Methodol.	2014	["Filippo Ricca", "Giuseppe Scanniello", "Marco Torchiano", "Gianna Reggio", "Egidio Astesiano"]
A Continuous ASM Modelling Approach to Pacemaker Sensing.	ACM Trans. Softw. Eng. Methodol.	2014	["Richard Banach", "Huibiao Zhu", "Wen Su", "Xiaofeng Wu"]
Directed Incremental Symbolic Execution.	ACM Trans. Softw. Eng. Methodol.	2014	["Guowei Yang", "Suzette Person", "Neha Rungta", "Sarfraz Khurshid"]
Mining Unit Tests for Discovery and Migration of Math APIs.	ACM Trans. Softw. Eng. Methodol.	2014	["Anirudh Santhiar", "Omesh Pandita", "Aditya Kanade"]
Combining Centralised and Distributed Testing.	ACM Trans. Softw. Eng. Methodol.	2014	["Robert M. Hierons"]
Code-Smell Detection as a Bilevel Problem.	ACM Trans. Softw. Eng. Methodol.	2014	["Dilan Sahin", "Marouane Kessentini", "Slim Bechikh", "Kalyanmoy Deb"]
Residual Investigation: Predictive and Precise Bug Detection.	ACM Trans. Softw. Eng. Methodol.	2014	["Kaituo Li", "Christoph Reichenbach", "Christoph Csallner", "Yannis Smaragdakis"]
A Large-Scale Evaluation of Automated Unit Test Generation Using EvoSuite.	ACM Trans. Softw. Eng. Methodol.	2014	["Gordon Fraser", "Andrea Arcuri"]
Conditional Commitments: Reasoning and Model Checking.	ACM Trans. Softw. Eng. Methodol.	2014	["Warda El Kholy", "Jamal Bentahar", "Mohamed El-Menshawy", "Hongyang Qu", "Rachida Dssouli"]
A Unified Test Case Prioritization Approach.	ACM Trans. Softw. Eng. Methodol.	2014	["Dan Hao", "Lingming Zhang", "Lu Zhang", "Gregg Rothermel", "Hong Mei"]
Formal Verification of Software Countermeasures against Side-Channel Attacks.	ACM Trans. Softw. Eng. Methodol.	2014	["Hassan Eldib", "Chao Wang", "Patrick Schaumont"]
When and How to Use Multilevel Modelling.	ACM Trans. Softw. Eng. Methodol.	2014	["Juan de Lara", "Esther Guerra", "Jes\u00fas S\u00e1nchez Cuadrado"]
Editorial - looking back.	ACM Trans. Softw. Eng. Methodol.	2013	["David Notkin"]
Editorial - looking forward.	ACM Trans. Softw. Eng. Methodol.	2013	["David S. Rosenblum"]
Modeling and verifying hierarchical real-time systems using stateful timed CSP.	ACM Trans. Softw. Eng. Methodol.	2013	["Jun Sun", "Yang Liu", "Jin Song Dong", "Yan Liu", "Ling Shi", "\u00c9tienne Andr\u00e9"]
Views: Synthesizing fine-grained concurrency control.	ACM Trans. Softw. Eng. Methodol.	2013	["Brian Demsky", "Patrick Lam"]
Facilitating the transition from use case models to analysis models: Approach and experiments.	ACM Trans. Softw. Eng. Methodol.	2013	["Tao Yue", "Lionel C. Briand", "Yvan Labiche"]
Achieving scalable model-based testing through test case diversity.	ACM Trans. Softw. Eng. Methodol.	2013	["Hadi Hemmati", "Andrea Arcuri", "Lionel C. Briand"]
Detecting missing method calls as violations of the majority rule.	ACM Trans. Softw. Eng. Methodol.	2013	["Martin Monperrus", "Mira Mezini"]
Scaling predictive analysis of concurrent programs by removing trace redundancy.	ACM Trans. Softw. Eng. Methodol.	2013	["Jeff Huang", "Jinguo Zhou", "Charles Zhang"]
Synthesizing nonanomalous event-based controllers for liveness goals.	ACM Trans. Softw. Eng. Methodol.	2013	["Nicol\u00e1s D'Ippolito", "V\u00edctor A. Braberman", "Nir Piterman", "Sebasti\u00e1n Uchitel"]
ConMem: Detecting Crash-Triggering Concurrency Bugs through an Effect-Oriented Approach.	ACM Trans. Softw. Eng. Methodol.	2013	["Wei Zhang", "Chong Sun", "Junghee Lim", "Shan Lu", "Thomas W. Reps"]
Business Process Model Merging: An Approach to Business Process Consolidation.	ACM Trans. Softw. Eng. Methodol.	2013	["Marcello La Rosa", "Marlon Dumas", "Reina Uba", "Remco M. Dijkman"]
Personalized Reliability Prediction of Web Services.	ACM Trans. Softw. Eng. Methodol.	2013	["Zibin Zheng", "Michael R. Lyu"]
Automated Comparison of State-Based Software Models in Terms of Their Language and Structure.	ACM Trans. Softw. Eng. Methodol.	2013	["Neil Walkinshaw", "Kirill Bogdanov"]
An Information Foraging Theory Perspective on Tools for Debugging, Refactoring, and Reuse Tasks.	ACM Trans. Softw. Eng. Methodol.	2013	["Scott D. Fleming", "Christopher Scaffidi", "David Piorkowski", "Margaret M. Burnett", "Rachel K. E. Bellamy", "Joseph Lawrance", "Irwin Kwan"]
Verification across Intellectual Property Boundaries.	ACM Trans. Softw. Eng. Methodol.	2013	["Sagar Chaki", "Christian Schallhart", "Helmut Veith"]
In memoriam: David Notkin (1955-2013).	ACM Trans. Softw. Eng. Methodol.	2013	["David S. Rosenblum"]
Precise memory leak detection for java software using container profiling.	ACM Trans. Softw. Eng. Methodol.	2013	["Guoqing (Harry) Xu", "Atanas Rountev"]
Marple: Detecting faults in path segments using automatically generated analyses.	ACM Trans. Softw. Eng. Methodol.	2013	["Wei Le", "Mary Lou Soffa"]
Fault localization prioritization: Comparing information-theoretic and coverage-based approaches.	ACM Trans. Softw. Eng. Methodol.	2013	["Shin Yoo", "Mark Harman", "David Clark"]
Bounded satisfiability checking of metric temporal logic specifications.	ACM Trans. Softw. Eng. Methodol.	2013	["Matteo Pradella", "Angelo Morzenti", "Pierluigi San Pietro"]
The value of design rationale information.	ACM Trans. Softw. Eng. Methodol.	2013	["Davide Falessi", "Lionel C. Briand", "Giovanni Cantone", "Rafael Capilla", "Philippe Kruchten"]
Trading obliviousness for modularity with cooperative aspect-oriented programming.	ACM Trans. Softw. Eng. Methodol.	2013	["Kevin J. Hoffman", "Patrick Eugster"]
An algebra of design patterns.	ACM Trans. Softw. Eng. Methodol.	2013	["Hong Zhu", "Ian Bayley"]
Finite satisfiability of UML class diagrams with constrained class hierarchy.	ACM Trans. Softw. Eng. Methodol.	2013	["Mira Balaban", "Azzam Maraee"]
Enabledness-based program abstractions for behavior validation.	ACM Trans. Softw. Eng. Methodol.	2013	["Guido de Caso", "V\u00edctor A. Braberman", "Diego Garbervetsky", "Sebasti\u00e1n Uchitel"]
Using a functional size measurement procedure to evaluate the quality of models in MDD environments.	ACM Trans. Softw. Eng. Methodol.	2013	["Beatriz Mar\u00edn", "Giovanni Giachetti", "Oscar Pastor", "Tanja E. J. Vos", "Alain Abran"]
Use case and task models: An integrated development methodology and its formal foundation.	ACM Trans. Softw. Eng. Methodol.	2013	["Daniel Sinnig", "Patrice Chalin", "Ferhat Khendek"]
Test-and-adapt: An approach for improving service interchangeability.	ACM Trans. Softw. Eng. Methodol.	2013	["Giovanni Denaro", "Mauro Pezz\u00e8", "Davide Tosi"]
A methodology for testing CPU emulators.	ACM Trans. Softw. Eng. Methodol.	2013	["Lorenzo Martignoni", "Roberto Paleari", "Alessandro Reina", "Giampaolo Fresi Roglia", "Danilo Bruschi"]
Exception handlers for healing component-based systems.	ACM Trans. Softw. Eng. Methodol.	2013	["Herv\u00e9 Chang", "Leonardo Mariani", "Mauro Pezz\u00e8"]
A theoretical analysis of the risk evaluation formulas for spectrum-based fault localization.	ACM Trans. Softw. Eng. Methodol.	2013	["Xiaoyuan Xie", "Tsong Yueh Chen", "Fei-Ching Kuo", "Baowen Xu"]
Path exploration based on symbolic output.	ACM Trans. Softw. Eng. Methodol.	2013	["Dawei Qi", "Hoang D. T. Nguyen", "Abhik Roychoudhury"]
Path- and index-sensitive string analysis based on monadic second-order logic.	ACM Trans. Softw. Eng. Methodol.	2013	["Takaaki Tateishi", "Marco Pistoia", "Omer Tripp"]
On software component co-installability.	ACM Trans. Softw. Eng. Methodol.	2013	["J\u00e9r\u00f4me Vouillon", "Roberto Di Cosmo"]
Software effort estimation as a multiobjective learning problem.	ACM Trans. Softw. Eng. Methodol.	2013	["Leandro L. Minku", "Xin Yao"]
A web-centred approach to end-user software engineering.	ACM Trans. Softw. Eng. Methodol.	2013	["David Lizcano", "Fernando Alonso", "Javier Soriano", "Genoveva L\u00f3pez"]
Portfolio: Searching for relevant functions and their usages in millions of lines of code.	ACM Trans. Softw. Eng. Methodol.	2013	["Collin McMillan", "Denys Poshyvanyk", "Mark Grechanik", "Qing Xie", "Chen Fu"]
Evaluating a query framework for software evolution data.	ACM Trans. Softw. Eng. Methodol.	2013	["Michael W\u00fcrsch", "Emanuel Giger", "Harald C. Gall"]
Editorial.	ACM Trans. Softw. Eng. Methodol.	2012	["David Notkin"]
A Precise Method-Method Interaction-Based Cohesion Metric for Object-Oriented Classes.	ACM Trans. Softw. Eng. Methodol.	2012	["Jehad Al-Dallal", "Lionel C. Briand"]
Weak Alphabet Merging of Partial Behavior Models.	ACM Trans. Softw. Eng. Methodol.	2012	["Dario Fischbein", "Nicol\u00e1s D'Ippolito", "Greg Brunet", "Marsha Chechik", "Sebasti\u00e1n Uchitel"]
An Approach for Modeling Architectural Design Rules in UML and its Application to Embedded Software.	ACM Trans. Softw. Eng. Methodol.	2012	["Anders Mattsson", "Brian Fitzgerald", "Bj\u00f6rn Lundell", "Brian Lings"]
A Generative Programming Framework for Context-Aware CSCW Applications.	ACM Trans. Softw. Eng. Methodol.	2012	["Devdatta Kulkarni", "Tanvir Ahmed", "Anand Tripathi"]
Symbolic Message Sequence Charts.	ACM Trans. Softw. Eng. Methodol.	2012	["Abhik Roychoudhury", "Ankit Goel", "Bikram Sengupta"]
Verification and Validation of UML Conceptual Schemas with OCL Constraints.	ACM Trans. Softw. Eng. Methodol.	2012	["Anna Queralt", "Ernest Teniente"]
Type checking annotation-based product lines.	ACM Trans. Softw. Eng. Methodol.	2012	["Christian K\u00e4stner", "Sven Apel", "Thomas Th\u00fcm", "Gunter Saake"]
A framework for the checking and refactoring of crosscutting concepts.	ACM Trans. Softw. Eng. Methodol.	2012	["Macneil Shonle", "William G. Griswold", "Sorin Lerner"]
A logical verification methodology for service-oriented computing.	ACM Trans. Softw. Eng. Methodol.	2012	["Alessandro Fantechi", "Stefania Gnesi", "Alessandro Lapadula", "Franco Mazzanti", "Rosario Pugliese", "Francesco Tiezzi"]
Accounting for defect characteristics in evaluations of testing techniques.	ACM Trans. Softw. Eng. Methodol.	2012	["Jaymie Strecker", "Atif M. Memon"]
A two-phase approximation for model checking probabilistic unbounded until properties of probabilistic systems.	ACM Trans. Softw. Eng. Methodol.	2012	["Paul Jennings", "Arka P. Ghosh", "Samik Basu"]
DARWIN: An approach to debugging evolving programs.	ACM Trans. Softw. Eng. Methodol.	2012	["Dawei Qi", "Abhik Roychoudhury", "Zhenkai Liang", "Kapil Vaswani"]
Systematizing pragmatic software reuse.	ACM Trans. Softw. Eng. Methodol.	2012	["Reid Holmes", "Robert J. Walker"]
A formal model for automated software modularity and evolvability analysis.	ACM Trans. Softw. Eng. Methodol.	2012	["Yuanfang Cai", "Kevin J. Sullivan"]
Validation of requirements for hybrid systems: A formal approach.	ACM Trans. Softw. Eng. Methodol.	2012	["Alessandro Cimatti", "Marco Roveri", "Angelo Susi", "Stefano Tonetta"]
Concept location using formal concept analysis and information retrieval.	ACM Trans. Softw. Eng. Methodol.	2012	["Denys Poshyvanyk", "Malcom Gethers", "Andrian Marcus"]
Validating software metrics: A spectrum of philosophies.	ACM Trans. Softw. Eng. Methodol.	2012	["Andrew Meneely", "Ben H. Smith", "Laurie Williams"]
HAMPI: A solver for word equations over strings, regular expressions, and context-free grammars.	ACM Trans. Softw. Eng. Methodol.	2012	["Adam Kiezun", "Vijay Ganesh", "Shay Artzi", "Philip J. Guo", "Pieter Hooimeijer", "Michael D. Ernst"]
PrIMe: A methodology for developing provenance-aware applications.	ACM Trans. Softw. Eng. Methodol.	2011	["Simon Miles", "Paul T. Groth", "Steve Munroe", "Luc Moreau"]
Temporal dependency-based checkpoint selection for dynamic verification of temporal constraints in scientific workflow systems.	ACM Trans. Softw. Eng. Methodol.	2011	["Jinjun Chen", "Yun Yang"]
Reducing the effort of bug report triage: Recommenders for development-oriented decisions.	ACM Trans. Softw. Eng. Methodol.	2011	["John Anvik", "Gail C. Murphy"]
A model for spectra-based software diagnosis.	ACM Trans. Softw. Eng. Methodol.	2011	["Lee Naish", "Hua Jie Lee", "Kotagiri Ramamohanarao"]
FlagRemover: A testability transformation for transforming loop-assigned flags.	ACM Trans. Softw. Eng. Methodol.	2011	["David Binkley", "Mark Harman", "Kiran Lakhotia"]
A revisit of fault class hierarchies in general boolean specifications.	ACM Trans. Softw. Eng. Methodol.	2011	["Zhenyu Chen", "Tsong Yueh Chen", "Baowen Xu"]
Runtime Verification for LTL and TLTL.	ACM Trans. Softw. Eng. Methodol.	2011	["Andreas Bauer", "Martin Leucker", "Christian Schallhart"]
The Minimal Failure-Causing Schema of Combinatorial Testing.	ACM Trans. Softw. Eng. Methodol.	2011	["Changhai Nie", "Hareton Leung"]
Discovering Multidimensional Correlations among Regulatory Requirements to Understand Risk.	ACM Trans. Softw. Eng. Methodol.	2011	["Robin A. Gandhi", "Seok Won Lee"]
Gaia-PL: A Product Line Engineering Approach for Efficiently Designing Multiagent Systems.	ACM Trans. Softw. Eng. Methodol.	2011	["Josh Dehlinger", "Robyn R. Lutz"]
A Compiler for Multimodal Scenarios: Transforming LSCs into AspectJ.	ACM Trans. Softw. Eng. Methodol.	2011	["Shahar Maoz", "David Harel", "Asaf Kleinbort"]
Recommending Adaptive Changes for Framework Evolution.	ACM Trans. Softw. Eng. Methodol.	2011	["Barth\u00e9l\u00e9my Dagenais", "Martin P. Robillard"]
Feasibility of Stepwise Design of Multitolerant Programs.	ACM Trans. Softw. Eng. Methodol.	2011	["Ali Ebnenasir", "Sandeep S. Kulkarni"]
QVM: An Efficient Runtime for Detecting Defects in Deployed Systems.	ACM Trans. Softw. Eng. Methodol.	2011	["Matthew Arnold", "Martin T. Vechev", "Eran Yahav"]
Expressive and Extensible Parameter Passing for Distributed Object Systems.	ACM Trans. Softw. Eng. Methodol.	2011	["Eli Tilevich", "Sriram Gopal"]
How Well Do Search Engines Support Code Retrieval on the Web?	ACM Trans. Softw. Eng. Methodol.	2011	["Susan Elliott Sim", "Medha Umarji", "Sukanya Ratanotayanon", "Cristina V. Lopes"]
Lattice-Based Sampling for Path Property Monitoring.	ACM Trans. Softw. Eng. Methodol.	2011	["Madeline Diep", "Matthew B. Dwyer", "Sebastian G. Elbaum"]
The Choice Calculus: A Representation for Software Variation.	ACM Trans. Softw. Eng. Methodol.	2011	["Martin Erwig", "Eric Walkingshaw"]
Design and implementation of Sator: A web service aggregator.	ACM Trans. Softw. Eng. Methodol.	2010	["Antonio Brogi", "Razvan Popescu", "Matteo Tanca"]
Editorial.	ACM Trans. Softw. Eng. Methodol.	2010	["David Notkin"]
Synthesizing hierarchical state machines from expressive scenario descriptions.	ACM Trans. Softw. Eng. Methodol.	2010	["Jon Whittle", "Praveen K. Jayaraman"]
Partial constraint checking for context consistency in pervasive computing.	ACM Trans. Softw. Eng. Methodol.	2010	["Chang Xu", "S. C. Cheung", "W. K. Chan", "Chunyang Ye"]
A verification system for interval-based specification languages.	ACM Trans. Softw. Eng. Methodol.	2010	["Chunqing Chen", "Jin Song Dong", "Jun Sun", "Andrew Martin"]
Semantic self-assessment of query results in dynamic environments.	ACM Trans. Softw. Eng. Methodol.	2010	["Jamie Payton", "Christine Julien", "Gruia-Catalin Roman", "Vasanth Rajamani"]
Analysis and applications of timed service protocols.	ACM Trans. Softw. Eng. Methodol.	2010	["Julien Ponge", "Boualem Benatallah", "Fabio Casati", "Farouk Toumani"]
Method and developer characteristics for effective agile method tailoring: A study of XP expert opinion.	ACM Trans. Softw. Eng. Methodol.	2010	["Kieran Conboy", "Brian Fitzgerald"]
Clone region descriptors: Representing and tracking duplication in source code.	ACM Trans. Softw. Eng. Methodol.	2010	["Ekwa Duala-Ekoko", "Martin P. Robillard"]
Types and modularity for implicit invocation with implicit announcement.	ACM Trans. Softw. Eng. Methodol.	2010	["Friedrich Steimann", "Thomas Pawlitzki", "Sven Apel", "Christian K\u00e4stner"]
Supporting dynamic aspect-oriented features.	ACM Trans. Softw. Eng. Methodol.	2010	["Robert Dyer", "Hridesh Rajan"]
Extracting and answering why and why not questions about Java program output.	ACM Trans. Softw. Eng. Methodol.	2010	["Andrew J. Ko", "Brad A. Myers"]
The small-world effect: The influence of macro-level properties of developer collaboration networks on open-source project success.	ACM Trans. Softw. Eng. Methodol.	2010	["Param Vir Singh"]
Modular aspect-oriented design with XPIs.	ACM Trans. Softw. Eng. Methodol.	2010	["Kevin J. Sullivan", "William G. Griswold", "Hridesh Rajan", "Yuanyuan Song", "Yuanfang Cai", "Macneil Shonle", "Nishit Tewari"]
Composing expressive runtime security policies.	ACM Trans. Softw. Eng. Methodol.	2009	["Lujo Bauer", "Jay Ligatti", "David Walker"]
A systematic review of theory use in studies investigating the motivations of software engineers.	ACM Trans. Softw. Eng. Methodol.	2009	["Tracy Hall", "Nathan Baddoo", "Sarah Beecham", "Hugh Robinson", "Helen Sharp"]
Tools and experiments supporting a testing-based theory of component composition.	ACM Trans. Softw. Eng. Methodol.	2009	["Dick Hamlet"]
Empirical evaluation of a nesting testability transformation for evolutionary testing.	ACM Trans. Softw. Eng. Methodol.	2009	["Phil McMinn", "David Binkley", "Mark Harman"]
Editorial.	ACM Trans. Softw. Eng. Methodol.	2009	["David Notkin"]
Interacting process classes.	ACM Trans. Softw. Eng. Methodol.	2009	["Ankit Goel", "Abhik Roychoudhury", "P. S. Thiagarajan"]
Verdict functions in testing with a fault domain or test hypotheses.	ACM Trans. Softw. Eng. Methodol.	2009	["Robert M. Hierons"]
Programming pervasive and mobile computing applications: The TOTA approach.	ACM Trans. Softw. Eng. Methodol.	2009	["Marco Mamei", "Franco Zambonelli"]
From business process models to process-oriented software systems.	ACM Trans. Softw. Eng. Methodol.	2009	["Chun Ouyang", "Marlon Dumas", "Wil M. P. van der Aalst", "Arthur H. M. ter Hofstede", "Jan Mendling"]
Unifying aspect- and object-oriented design.	ACM Trans. Softw. Eng. Methodol.	2009	["Hridesh Rajan", "Kevin J. Sullivan"]
J-Orchestra: Enhancing Java programs with distribution capabilities.	ACM Trans. Softw. Eng. Methodol.	2009	["Eli Tilevich", "Yannis Smaragdakis"]
Amoeba: A methodology for modeling and evolving cross-organizational business processes.	ACM Trans. Softw. Eng. Methodol.	2009	["Nirmit Desai", "Amit K. Chopra", "Munindar P. Singh"]
Measuring the strength of information flows in programs.	ACM Trans. Softw. Eng. Methodol.	2009	["Wes Masri", "Andy Podgurski"]
Conceptual data model-based software size estimation for information systems.	ACM Trans. Softw. Eng. Methodol.	2009	["Hee Beng Kuan Tan", "Yuan Zhao", "Hongyu Zhang"]
Breaking up is hard to do: An evaluation of automated assume-guarantee reasoning.	ACM Trans. Softw. Eng. Methodol.	2008	["Jamieson M. Cobleigh", "George S. Avrunin", "Lori A. Clarke"]
DSD-Crasher: A hybrid analysis tool for bug finding.	ACM Trans. Softw. Eng. Methodol.	2008	["Christoph Csallner", "Yannis Smaragdakis", "Tao Xie"]
Effective typestate verification in the presence of aliasing.	ACM Trans. Softw. Eng. Methodol.	2008	["Stephen J. Fink", "Eran Yahav", "Nurit Dor", "G. Ramalingam", "Emmanuel Geay"]
Editorial.	ACM Trans. Softw. Eng. Methodol.	2008	["David Notkin"]
Introduction to the special section from the ACM international symposium on software testing and analysis (ISSTA 2006).	ACM Trans. Softw. Eng. Methodol.	2008	["David Notkin", "Mauro Pezz\u00e8"]
Combining symbolic execution with model checking to verify parallel numerical programs.	ACM Trans. Softw. Eng. Methodol.	2008	["Stephen F. Siegel", "Anastasia Mironova", "George S. Avrunin", "Lori A. Clarke"]
Impact of classes of development coordination tools on software development performance: A multinational empirical study.	ACM Trans. Softw. Eng. Methodol.	2008	["Amrit Tiwana"]
An upper bound on software testing effectiveness.	ACM Trans. Softw. Eng. Methodol.	2008	["Tsong Yueh Chen", "Robert G. Merkel"]
Functional size measurement revisited.	ACM Trans. Softw. Eng. Methodol.	2008	["\u00c7igdem Gencel", "Onur Demir\u00f6rs"]
Developing and debugging algebraic specifications for Java classes.	ACM Trans. Softw. Eng. Methodol.	2008	["Johannes Henkel", "Christoph Reichenbach", "Amer Diwan"]
An empirical investigation of software reuse benefits in a large telecom product.	ACM Trans. Softw. Eng. Methodol.	2008	["Parastoo Mohagheghi", "Reidar Conradi"]
Editorial.	ACM Trans. Softw. Eng. Methodol.	2008	["David Notkin"]
Unit-level test adequacy criteria for visual dataflow languages and a testing methodology.	ACM Trans. Softw. Eng. Methodol.	2008	["Marcel R. Karam", "Trevor J. Smedley", "Sergiu M. Dascalu"]
Evaluating the benefits of context-sensitive points-to analysis using a BDD-based implementation.	ACM Trans. Softw. Eng. Methodol.	2008	["Ondrej Lhot\u00e1k", "Laurie J. Hendren"]
Power laws in software.	ACM Trans. Softw. Eng. Methodol.	2008	["Panagiotis Louridas", "Diomidis Spinellis", "Vasileios Vlachos"]
Semantic parameterization: A process for modeling domain descriptions.	ACM Trans. Softw. Eng. Methodol.	2008	["Travis D. Breaux", "Annie I. Ant\u00f3n", "Jon Doyle"]
Domain-specific languages and program generation with meta-AspectJ.	ACM Trans. Softw. Eng. Methodol.	2008	["Shan Shan Huang", "David Zook", "Yannis Smaragdakis"]
Automatically repairing event sequence-based GUI test suites for regression testing.	ACM Trans. Softw. Eng. Methodol.	2008	["Atif M. Memon"]
Using a pilot study to derive a GUI model for automated testing.	ACM Trans. Softw. Eng. Methodol.	2008	["Qing Xie", "Atif M. Memon"]
A formal model of services.	ACM Trans. Softw. Eng. Methodol.	2007	["Manfred Broy", "Ingolf H. Kr\u00fcger", "Michael Meisinger"]
Editorial.	ACM Trans. Softw. Eng. Methodol.	2007	["Carlo Ghezzi"]
Editorial.	ACM Trans. Softw. Eng. Methodol.	2007	["David Notkin"]
Representing concerns in source code.	ACM Trans. Softw. Eng. Methodol.	2007	["Martin P. Robillard", "Gail C. Murphy"]
Designing and comparing automated test oracles for GUI-based software applications.	ACM Trans. Softw. Eng. Methodol.	2007	["Qing Xie", "Atif M. Memon"]
An empirical study of static program slice size.	ACM Trans. Softw. Eng. Methodol.	2007	["David Binkley", "Nicolas Gold", "Mark Harman"]
Polychronous design of embedded real-time applications.	ACM Trans. Softw. Eng. Methodol.	2007	["Abdoulaye Gamati\u00e9", "Thierry Gautier", "Paul Le Guernic", "Jean-Pierre Talpin"]
Foundations of incremental aspect model-checking.	ACM Trans. Softw. Eng. Methodol.	2007	["Shriram Krishnamurthi", "Kathi Fisler"]
Editorial.	ACM Trans. Softw. Eng. Methodol.	2007	["David Notkin"]
Model checking the Java metalocking algorithm.	ACM Trans. Softw. Eng. Methodol.	2007	["Samik Basu", "Scott A. Smolka"]
Test conditions for fault classes in Boolean specifications.	ACM Trans. Softw. Eng. Methodol.	2007	["Kalpesh Kapoor", "Jonathan P. Bowen"]
Metamodel-based model conformance and multiview consistency checking.	ACM Trans. Softw. Eng. Methodol.	2007	["Richard F. Paige", "Phillip J. Brooke", "Jonathan S. Ostroff"]
Three empirical studies on estimating the design effort of Web applications.	ACM Trans. Softw. Eng. Methodol.	2007	["Luciano Baresi", "Sandro Morasca"]
Recovering traceability links in software artifact management systems using information retrieval methods.	ACM Trans. Softw. Eng. Methodol.	2007	["Andrea De Lucia", "Fausto Fasano", "Rocco Oliveto", "Genoveffa Tortora"]
Static checking of dynamically generated queries in database applications.	ACM Trans. Softw. Eng. Methodol.	2007	["Gary Wassermann", "Carl Gould", "Zhendong Su", "Premkumar T. Devanbu"]
Efficient Analysis of DynAlloy Specifications.	ACM Trans. Softw. Eng. Methodol.	2007	["Marcelo F. Frias", "Carlos L\u00f3pez Pombo", "Juan P. Galeotti", "Nazareno Aguirre"]
Identifying Crosscutting Concerns Using Fan-In Analysis.	ACM Trans. Softw. Eng. Methodol.	2007	["Marius Marin", "Arie van Deursen", "Leon Moonen"]
An empirical study of slice-based cohesion and coupling metrics.	ACM Trans. Softw. Eng. Methodol.	2007	["Timothy M. Meyers", "David Binkley"]
Editorial.	ACM Trans. Softw. Eng. Methodol.	2007	["David Notkin"]
The impact of research on the development of middleware technology.	ACM Trans. Softw. Eng. Methodol.	2007	["Wolfgang Emmerich", "Mikio Aoyama", "Joe Sventek"]
The role of outcome feedback in improving the uncertainty assessment of software development effort estimates.	ACM Trans. Softw. Eng. Methodol.	2007	["Tanja M. Gruschke", "Magne J\u00f8rgensen"]
Post-release reliability growth in software products.	ACM Trans. Softw. Eng. Methodol.	2007	["Pankaj Jalote", "Brendan Murphy", "Vibhu Saujanya Sharma"]
Topology analysis of software dependencies.	ACM Trans. Softw. Eng. Methodol.	2007	["Martin P. Robillard"]
Symbolic model checking of UML activity diagrams.	ACM Trans. Softw. Eng. Methodol.	2006	["Rik Eshuis"]
Model driven security: From UML models to access control infrastructures.	ACM Trans. Softw. Eng. Methodol.	2006	["David A. Basin", "J\u00fcrgen Doser", "Torsten Lodderstedt"]
UML-B: Formal modeling and design aided by UML.	ACM Trans. Softw. Eng. Methodol.	2006	["Colin F. Snook", "Michael J. Butler"]
The interpretation and utility of three cohesion metrics for object-oriented design.	ACM Trans. Softw. Eng. Methodol.	2006	["Steve Counsell", "Stephen Swift", "Jason Crampton"]
Integrating automated test generation into the WYSIWYT spreadsheet testing methodology.	ACM Trans. Softw. Eng. Methodol.	2006	["Marc Fisher II", "Gregg Rothermel", "Darren Brown", "Mingming Cao", "Curtis R. Cook", "Margaret M. Burnett"]
SNIAFL: Towards a static noninteractive approach to feature location.	ACM Trans. Softw. Eng. Methodol.	2006	["Wei Zhao", "Lu Zhang", "Yin Liu", "Jiasu Sun", "Fuqing Yang"]
Avoiding coincidental correctness in boundary value analysis.	ACM Trans. Softw. Eng. Methodol.	2006	["Robert M. Hierons"]
HOTTest: A model-based test design technique for enhanced testing of domain-specific applications.	ACM Trans. Softw. Eng. Methodol.	2006	["Avik Sinha", "Carol Smidts"]
LIME: A coordination model and middleware supporting mobility of hosts and agents.	ACM Trans. Softw. Eng. Methodol.	2006	["Amy L. Murphy", "Gian Pietro Picco", "Gruia-Catalin Roman"]
Wrapper-based evolution of legacy information systems.	ACM Trans. Softw. Eng. Methodol.	2006	["Philippe Thiran", "Jean-Luc Hainaut", "Geert-Jan Houben", "Djamal Benslimane"]
Process modeling in Web applications.	ACM Trans. Softw. Eng. Methodol.	2006	["Marco Brambilla", "Stefano Ceri", "Piero Fraternali", "Ioana Manolescu"]
Efficient path conditions in dependence graphs for software safety analysis.	ACM Trans. Softw. Eng. Methodol.	2006	["Gregor Snelting", "Torsten Robschink", "Jens Krinke"]
Parameterized object sensitivity for points-to analysis for Java.	ACM Trans. Softw. Eng. Methodol.	2005	["Ana Milanova", "Atanas Rountev", "Barbara G. Ryder"]
Formal interpreters for diagram notations.	ACM Trans. Softw. Eng. Methodol.	2005	["Luciano Baresi", "Mauro Pezz\u00e8"]
An empirical study of industrial requirements engineering process assessment and improvement.	ACM Trans. Softw. Eng. Methodol.	2005	["Ian Sommerville", "Jane Ransom"]
Editorial.	ACM Trans. Softw. Eng. Methodol.	2005	["Carlo Ghezzi"]
A scalable formal method for design and automatic checking of user interfaces.	ACM Trans. Softw. Eng. Methodol.	2005	["Jean Berstel", "Stefano Crespi-Reghizzi", "Gilles Roussel", "Pierluigi San Pietro"]
Software reuse for scientific computing through program generation.	ACM Trans. Softw. Eng. Methodol.	2005	["Martin Erwig", "Zhe Fu"]
A comprehensive approach for the development of modular software architecture description languages.	ACM Trans. Softw. Eng. Methodol.	2005	["Eric M. Dashofy", "Andr\u00e9 van der Hoek", "Richard N. Taylor"]
An extended fault class hierarchy for specification-based testing.	ACM Trans. Softw. Eng. Methodol.	2005	["Man Fai Lau", "Yuen-Tak Yu"]
Reasoning about inconsistencies in natural language requirements.	ACM Trans. Softw. Eng. Methodol.	2005	["Vincenzo Gervasi", "Didar Zowghi"]
Toward an engineering discipline for grammarware.	ACM Trans. Softw. Eng. Methodol.	2005	["Paul Klint", "Ralf L\u00e4mmel", "Chris Verhoef"]
Editorial.	ACM Trans. Softw. Eng. Methodol.	2005	["Leon J. Osterweil", "Carlo Ghezzi", "Jeff Kramer", "Alexander L. Wolf"]
Impact of software engineering research on the practice of software configuration management.	ACM Trans. Softw. Eng. Methodol.	2005	["Jacky Estublier", "David B. Leblang", "Andr\u00e9 van der Hoek", "Reidar Conradi", "Geoffrey Clemm", "Walter F. Tichy", "Darcy Wiborg Weber"]
The impact of software engineering research on modern programming languages.	ACM Trans. Softw. Eng. Methodol.	2005	["Barbara G. Ryder", "Mary Lou Soffa", "Margaret M. Burnett"]
Reasoning about static and dynamic properties in alloy: A purely relational approach.	ACM Trans. Softw. Eng. Methodol.	2005	["Marcelo F. Frias", "Carlos L\u00f3pez Pombo", "Gabriel A. Baum", "Nazareno Aguirre", "T. S. E. Maibaum"]
Address translation in telecommunication features.	ACM Trans. Softw. Eng. Methodol.	2004	["Pamela Zave"]
Incremental elaboration of scenario-based specifications and behavior models using implied scenarios.	ACM Trans. Softw. Eng. Methodol.	2004	["Sebasti\u00e1n Uchitel", "Jeff Kramer", "Jeff Magee"]
A formal model for reasoning about adaptive QoS-enabled middleware.	ACM Trans. Softw. Eng. Methodol.	2004	["Nalini Venkatasubramanian", "Carolyn L. Talcott", "Gul Agha"]
Assembly instruction level reverse execution for debugging.	ACM Trans. Softw. Eng. Methodol.	2004	["Tankut Akgul", "Vincent John Mooney III"]
Classifying data dependences in the presence of pointers for program comprehension, testing, and debugging.	ACM Trans. Softw. Eng. Methodol.	2004	["Alessandro Orso", "Saurabh Sinha", "Mary Jean Harrold"]
Mae - a system model and environment for managing architectural evolution.	ACM Trans. Softw. Eng. Methodol.	2004	["Roshanak Roshandel", "Andr\u00e9 van der Hoek", "Marija Mikic-Rakic", "Nenad Medvidovic"]
On test suite composition and cost-effective regression testing.	ACM Trans. Softw. Eng. Methodol.	2004	["Gregg Rothermel", "Sebastian G. Elbaum", "Alexey G. Malishevsky", "Praveen Kallakuri", "Xuemei Qiu"]
Coupling and cohesion metrics for knowledge-based systems using frames and rules.	ACM Trans. Softw. Eng. Methodol.	2004	["Stefan Kramer", "Hermann Kaindl"]
Flow analysis for verifying properties of concurrent software systems.	ACM Trans. Softw. Eng. Methodol.	2004	["Matthew B. Dwyer", "Lori A. Clarke", "Jamieson M. Cobleigh", "Gleb Naumovich"]
A framework for modeling and implementing visual notations with applications to software engineering.	ACM Trans. Softw. Eng. Methodol.	2004	["Gennaro Costagliola", "Vincenzo Deufemia", "Giuseppe Polese"]
Editorial.	ACM Trans. Softw. Eng. Methodol.	2003	["Carlo Ghezzi", "Jeff Magee", "H. Dieter Rombach", "Mary Lou Soffa"]
Feature specification and automated conflict detection.	ACM Trans. Softw. Eng. Methodol.	2003	["Amy P. Felty", "Kedar S. Namjoshi"]
Flexible consistency checking.	ACM Trans. Softw. Eng. Methodol.	2003	["Christian Nentwich", "Wolfgang Emmerich", "Anthony Finkelstein", "Ernst Ellmer"]
High-order architectural connectors.	ACM Trans. Softw. Eng. Methodol.	2003	["Ant\u00f3nia Lopes", "Michel Wermelinger", "Jos\u00e9 Luiz Fiadeiro"]
Reviewers 2002.	ACM Trans. Softw. Eng. Methodol.	2003	[]
A formal approach for designing CORBA-based applications.	ACM Trans. Softw. Eng. Methodol.	2003	["Alberto Coen-Porisini", "Matteo Pradella", "Matteo Rossi", "Dino Mandrioli"]
Term rewriting with traversal functions.	ACM Trans. Softw. Eng. Methodol.	2003	["Mark van den Brand", "Paul Klint", "Jurgen J. Vinju"]
Static analysis to support the evolution of exception structure in object-oriented systems.	ACM Trans. Softw. Eng. Methodol.	2003	["Martin P. Robillard", "Gail C. Murphy"]
Automatic testing equivalence verification of spi calculus specifications.	ACM Trans. Softw. Eng. Methodol.	2003	["Luca Durante", "Riccardo Sisto", "Adriano Valenzano"]
Automatic high-quality reengineering of database programs by abstraction, transformation and reimplementation.	ACM Trans. Softw. Eng. Methodol.	2003	["Yossi Cohen", "Yishai A. Feldman"]
Developing multiagent systems: The Gaia methodology.	ACM Trans. Softw. Eng. Methodol.	2003	["Franco Zambonelli", "Nicholas R. Jennings", "Michael Wooldridge"]
Multi-valued symbolic model-checking.	ACM Trans. Softw. Eng. Methodol.	2003	["Marsha Chechik", "Benet Devereux", "Steve M. Easterbrook", "Arie Gurfinkel"]
A framework and tool support for the systematic testing of model-based specifications.	ACM Trans. Softw. Eng. Methodol.	2003	["Tim Miller", "Paul A. Strooper"]
A model-checking verification environment for mobile processes.	ACM Trans. Softw. Eng. Methodol.	2003	["Gian Luigi Ferrari", "Stefania Gnesi", "Ugo Montanari", "Marco Pistore"]
Modeling software architectures in the Unified Modeling Language.	ACM Trans. Softw. Eng. Methodol.	2002	["Nenad Medvidovic", "David S. Rosenblum", "David F. Redmiles", "Jason E. Robbins"]
On fault classes and error detection capability of specification-based testing.	ACM Trans. Softw. Eng. Methodol.	2002	["Tatsuhiro Tsuchiya", "Tohru Kikuno"]
An inheritance-based technique for building simulation proofs incrementally.	ACM Trans. Softw. Eng. Methodol.	2002	["Idit Keidar", "Roger Khazan", "Nancy A. Lynch", "Alexander A. Shvartsman"]
Behavior-consistent specialization of object life cycles.	ACM Trans. Softw. Eng. Methodol.	2002	["Michael Schrefl", "Markus Stumptner"]
A formal design notation for real-time systems.	ACM Trans. Softw. Eng. Methodol.	2002	["Miguel Felder", "Mauro Pezz\u00e8"]
Achieving extensibility through product-lines and domain-specific languages: a case study.	ACM Trans. Softw. Eng. Methodol.	2002	["Don S. Batory", "Clay Johnson", "Bob MacDonald", "Dale von Heeder"]
Mixin layers: an object-oriented implementation technique for refinements and collaboration-based designs.	ACM Trans. Softw. Eng. Methodol.	2002	["Yannis Smaragdakis", "Don S. Batory"]
Alloy: a lightweight object modelling notation.	ACM Trans. Softw. Eng. Methodol.	2002	["Daniel Jackson"]
Temporal abstract classes and virtual temporal specifications for real-time systems.	ACM Trans. Softw. Eng. Methodol.	2002	["Alexander P. Pons"]
Two case studies of open source software development: Apache and Mozilla.	ACM Trans. Softw. Eng. Methodol.	2002	["Audris Mockus", "Roy T. Fielding", "James D. Herbsleb"]
Equivalence analysis and its application in improving the efficiency of program slicing.	ACM Trans. Softw. Eng. Methodol.	2002	["Donglin Liang", "Mary Jean Harrold"]
Obituary.	ACM Trans. Softw. Eng. Methodol.	2002	[]
Architecting families of software systems with process algebras.	ACM Trans. Softw. Eng. Methodol.	2002	["Marco Bernardo", "Paolo Ciancarini", "Lorenzo Donatiello"]
Comparing test sets and criteria in the presence of test hypotheses and fault domains.	ACM Trans. Softw. Eng. Methodol.	2002	["Robert M. Hierons"]
Automated abstraction of class diagrams.	ACM Trans. Softw. Eng. Methodol.	2002	["Alexander Egyed"]
A slicing-based approach for locating type errors.	ACM Trans. Softw. Eng. Methodol.	2001	["Frank Tip", "T. B. Dinesh"]
TACCLE: a methodology for object-oriented software testing at the class and cluster levels.	ACM Trans. Softw. Eng. Methodol.	2001	["Huo Yan Chen", "T. H. Tse", "Tsong Yueh Chen"]
A methodology for testing spreadsheets.	ACM Trans. Softw. Eng. Methodol.	2001	["Gregg Rothermel", "Margaret M. Burnett", "Lixin Li", "Christopher DuPuis", "Andrei Sheretov"]
A comparative study of coarse- and fine-grained safe regression test-selection techniques.	ACM Trans. Softw. Eng. Methodol.	2001	["John Bible", "Gregg Rothermel", "David S. Rosenblum"]
An empirical study of regression test selection techiques.	ACM Trans. Softw. Eng. Methodol.	2001	["Todd L. Graves", "Mary Jean Harrold", "Jung-Min Kim", "Adam A. Porter", "Gregg Rothermel"]
Interprocedural control dependence.	ACM Trans. Softw. Eng. Methodol.	2001	["Saurabh Sinha", "Mary Jean Harrold", "Gregg Rothermel"]
Automated deductive requirements analysis of critical systems.	ACM Trans. Softw. Eng. Methodol.	2001	["Angelo Gargantini", "Angelo Morzenti"]
Parallel changes in large-scale software development: an observational case study.	ACM Trans. Softw. Eng. Methodol.	2001	["Dewayne E. Perry", "Harvey P. Siy", "Lawrence G. Votta"]
Reasoning about code mobility with mobile UNITY.	ACM Trans. Softw. Eng. Methodol.	2001	["Gian Pietro Picco", "Gruia-Catalin Roman", "Peter J. McCann"]
Modeling statecharts and activitycharts as signal equations.	ACM Trans. Softw. Eng. Methodol.	2001	["Jean-Ren\u00e9 Beauvais", "\u00c9ric Rutten", "Thierry Gautier", "Roland Houdebine", "Paul Le Guernic", "Y.-M. Tang"]
Designing data marts for data warehouses.	ACM Trans. Softw. Eng. Methodol.	2001	["Angela Bonifati", "Fabiano Cattaneo", "Stefano Ceri", "Alfonso Fuggetta", "Stefano Paraboschi"]
Composite model-checking: verification with type-specific symbolic representations.	ACM Trans. Softw. Eng. Methodol.	2000	["Tevfik Bultan", "Richard Gerber", "Christopher League"]
Using shape analysis to reduce finite-state models of concurrent Java programs.	ACM Trans. Softw. Eng. Methodol.	2000	["James C. Corbett"]
Abstracting dependencies between software configuration items.	ACM Trans. Softw. Eng. Methodol.	2000	["Carl A. Gunter"]
SMC: a symmetry-based model checker for verification of safety and liveness properties.	ACM Trans. Softw. Eng. Methodol.	2000	["A. Prasad Sistla", "Viktor Gyuris", "E. Allen Emerson"]
Using a coordination language to specify and analyze systems containing mobile components.	ACM Trans. Softw. Eng. Methodol.	2000	["Paolo Ciancarini", "Francesco Franz\u00e9", "Cecilia Mascolo"]
A generic model for reflective design.	ACM Trans. Softw. Eng. Methodol.	2000	["Panagiotis Louridas", "Pericles Loucopoulos"]
Static checking of system behaviors using derived component assumptions.	ACM Trans. Softw. Eng. Methodol.	2000	["Paola Inverardi", "Alexander L. Wolf", "Daniel Yankelevich"]
Law-governed interaction: a coordination and control mechanism for heterogeneous distributed systems.	ACM Trans. Softw. Eng. Methodol.	2000	["Naftaly H. Minsky", "Victoria Ungureanu"]
A knowledge-based method for inferring semantic concepts from visual models of system behavior.	ACM Trans. Softw. Eng. Methodol.	2000	["Kevin L. Mills", "Hassan Gomaa"]
SAFKASI: a security mechanism for language-based systems.	ACM Trans. Softw. Eng. Methodol.	2000	["Dan S. Wallach", "Andrew W. Appel", "Edward W. Felten"]
Proof linking: modular verification of mobile programs in the presence of lazy, dynamic linking.	ACM Trans. Softw. Eng. Methodol.	2000	["Philip W. L. Fong", "Robert D. Cameron"]
Protecting privacy using the decentralized label model.	ACM Trans. Softw. Eng. Methodol.	2000	["Andrew C. Myers", "Barbara Liskov"]
Verifying security protocols with Brutus.	ACM Trans. Softw. Eng. Methodol.	2000	["Edmund M. Clarke", "Somesh Jha", "Wilfredo R. Marrero"]
A compiler for analyzing cryptographic protocols using noninterference.	ACM Trans. Softw. Eng. Methodol.	2000	["Antonio Durante", "Riccardo Focardi", "Roberto Gorrieri"]
Composition and Refinement of Discrte Real-Time Systems.	ACM Trans. Softw. Eng. Methodol.	1999	["Jonathan S. Ostroff"]
Checking Safety Properties Using Compositional Reachability Analysis.	ACM Trans. Softw. Eng. Methodol.	1999	["Shing-Chi Cheung", "Jeff Kramer"]
From Formal Models to Formally Based Methods: An Industrial Experience.	ACM Trans. Softw. Eng. Methodol.	1999	["Emanuele Ciapessoni", "Piergiorgio Mirandola", "Alberto Coen-Porisini", "Dino Mandrioli", "Angelo Morzenti"]
Modeling Mobile IP in Mobile UNITY.	ACM Trans. Softw. Eng. Methodol.	1999	["Peter J. McCann", "Gruia-Catalin Roman"]
Software Process Validation: Quantitatively Measuring the Correspondence of a Process to a Model.	ACM Trans. Softw. Eng. Methodol.	1999	["Jonathan E. Cook", "Alexander L. Wolf"]
GENOA - A Customizable, Front-end-Retargetable Source Code Analysis Framework.	ACM Trans. Softw. Eng. Methodol.	1999	["Premkumar T. Devanbu"]
A Hierarchy-aware Approach to Faceted Classification of Objected-Oriented Components.	ACM Trans. Softw. Eng. Methodol.	1999	["Ernesto Damiani", "Maria Grazia Fugini", "Carlo Bellettini"]
Estimation of Software Reliability by Stratified Sampling.	ACM Trans. Softw. Eng. Methodol.	1999	["Andy Podgurski", "Wassim Masri", "Yolanda McCleese", "Francis G. Wolff", "Charles Yang"]
Reifying Variants in Configuration Management.	ACM Trans. Softw. Eng. Methodol.	1999	["Jean-Marc J\u00e9z\u00e9quel"]
The Desert environment.	ACM Trans. Softw. Eng. Methodol.	1999	["Steven P. Reiss"]
PRIME - Toward process-integrated modeling environments: 1.	ACM Trans. Softw. Eng. Methodol.	1999	["Klaus Pohl", "Klaus Weidenhaupt", "Ralf D\u00f6mges", "Peter Haumer", "Matthias Jarke", "Ralf Klamma"]
Fault classes and error detection capability of specification-based testing.	ACM Trans. Softw. Eng. Methodol.	1999	["D. Richard Kuhn"]
Corrigenda: a hierarchy-aware approach to faceted classification of object-oriented components.	ACM Trans. Softw. Eng. Methodol.	1999	["Ernesto Damiani", "Maria Grazia Fugini", "Carlo Bellettini"]
Software Process Modeling and Execution Within Virtual Environments.	ACM Trans. Softw. Eng. Methodol.	1998	["John C. Doppke", "Dennis Heimbigner", "Alexander L. Wolf"]
Understanding the Sources of Variation in Software Inspections.	ACM Trans. Softw. Eng. Methodol.	1998	["Adam A. Porter", "Harvey P. Siy", "Audris Mockus", "Lawrence G. Votta"]
Toward Formalizing Structured Analysis.	ACM Trans. Softw. Eng. Methodol.	1998	["Luciano Baresi", "Mauro Pezz\u00e8"]
Supporting the Restructuring of Data Abstractions Through Manipulation of a Program Visualization.	ACM Trans. Softw. Eng. Methodol.	1998	["Robert W. Bowdidge", "William G. Griswold"]
An Empirical Study of Static Call Graph Extractors.	ACM Trans. Softw. Eng. Methodol.	1998	["Gail C. Murphy", "David Notkin", "William G. Griswold", "Erica S.-C. Lan"]
Delta Algorithms: An Empirical Analysis.	ACM Trans. Softw. Eng. Methodol.	1998	["James J. Hunt", "Kiem-Phong Vo", "Walter F. Tichy"]
Discovering Models of Software Processes from Event-Based Data.	ACM Trans. Softw. Eng. Methodol.	1998	["Jonathan E. Cook", "Alexander L. Wolf"]
In Black and White: An Integrated Approach to Class-Level Testing of Object-Oriented Programs.	ACM Trans. Softw. Eng. Methodol.	1998	["Huo Yan Chen", "T. H. Tse", "F. T. Chan", "Tsong Yueh Chen"]
Formalizing Space Shuttle Software Requirements: Four Case Studies.	ACM Trans. Softw. Eng. Methodol.	1998	["Judith Crow", "Ben L. Di Vito"]
Errata: A Formal Basis for Architectural Connection.	ACM Trans. Softw. Eng. Methodol.	1998	["Robert Allen", "David Garlan"]
Managing Inconsistent Specifications: Reasoning, Analysis, and Action.	ACM Trans. Softw. Eng. Methodol.	1998	["Anthony Hunter", "Bashar Nuseibeh"]
Eliciting software Process Models with the E3 Language.	ACM Trans. Softw. Eng. Methodol.	1998	["Maria Letizia Jaccheri", "Gian Pietro Picco", "Patricia Lago"]
Applying GQM in an Industrial Software Factory.	ACM Trans. Softw. Eng. Methodol.	1998	["Alfonso Fuggetta", "Luigi Lavazza", "Sandro Morasca", "Stefano Cinti", "Giandomenico Oldano", "Elena Orazi"]
Addendum to "Delta Algorithms: An Empirical Analysis".	ACM Trans. Softw. Eng. Methodol.	1998	["James J. Hunt", "Walter F. Tichy"]
Four Dark Corners of Requirements Engineering.	ACM Trans. Softw. Eng. Methodol.	1997	["Pamela Zave", "Michael Jackson"]
A Graphical Environment for the Design of Concurrent Real-Time Systems.	ACM Trans. Softw. Eng. Methodol.	1997	["Louise E. Moser", "Y. S. Ramakrishna", "George Kutty", "P. M. Melliar-Smith", "Laura K. Dillon"]
Task Dependence and Termination in Ada.	ACM Trans. Softw. Eng. Methodol.	1997	["Laura K. Dillon"]
An Evolutionary Approach to Constructing Effective Software Reuse Repositories.	ACM Trans. Softw. Eng. Methodol.	1997	["Scott Henninger"]
The Use of Description Logics in KBSE Systems.	ACM Trans. Softw. Eng. Methodol.	1997	["Premkumar T. Devanbu", "Mark A. Jones"]
A Safe, Efficient Regression Test Selection Technique.	ACM Trans. Softw. Eng. Methodol.	1997	["Gregg Rothermel", "Mary Jean Harrold"]
A Formal Basis for Architectural Connection.	ACM Trans. Softw. Eng. Methodol.	1997	["Robert Allen", "David Garlan"]
Mobile UNITY: Reasoning and Specification in Mobile Computing.	ACM Trans. Softw. Eng. Methodol.	1997	["Gruia-Catalin Roman", "Peter J. McCann", "Jerome Y. Plun"]
Assessing Process-Centered Software Engineering Environments.	ACM Trans. Softw. Eng. Methodol.	1997	["Vincenzo Ambriola", "Reidar Conradi", "Alfonso Fuggetta"]
Technical Correspondence Comments on "A Reduced Test Suite for Protocol Conformance Testing".	ACM Trans. Softw. Eng. Methodol.	1997	["Alexandre Petrenko"]
Specification Matching of Software Components.	ACM Trans. Softw. Eng. Methodol.	1997	["Amy Moormann Zaremski", "Jeannette M. Wing"]
Hybrid Slicing: Integrating Dynamic Information with Static Analysis.	ACM Trans. Softw. Eng. Methodol.	1997	["Rajiv Gupta", "Mary Lou Soffa", "John Howard"]
Unified Versioning Through Feature Logic.	ACM Trans. Softw. Eng. Methodol.	1997	["Andreas Zeller", "Gregor Snelting"]
Generation of Formatters for Context-Free Languages.	ACM Trans. Softw. Eng. Methodol.	1996	["Mark van den Brand", "Eelco Visser"]
Generating Testing and Analysis Tools with Aria.	ACM Trans. Softw. Eng. Methodol.	1996	["Premkumar T. Devanbu", "David S. Rosenblum", "Alexander L. Wolf"]
The Chaining Approach for Software Test Data Generation.	ACM Trans. Softw. Eng. Methodol.	1996	["Roger Ferguson", "Bogdan Korel"]
Using Failure Cost Information for Testing and Reliability Assessment.	ACM Trans. Softw. Eng. Methodol.	1996	["Elaine J. Weyuker"]
An Experimental Determination of Sufficient Mutant Operators.	ACM Trans. Softw. Eng. Methodol.	1996	["A. Jefferson Offutt", "Ammei Lee", "Gregg Rothermel", "Roland H. Untch", "Christian Zapf"]
Testing by Means of Inductive Program Learning.	ACM Trans. Softw. Eng. Methodol.	1996	["Francesco Bergadano", "Daniele Gunetti"]
Reengineering of Configurations Based on Mathematical Concept Analysis.	ACM Trans. Softw. Eng. Methodol.	1996	["Gregor Snelting"]
A Framework for Formalizing Inconsistencies and Deviations in Human-Centered Systems.	ACM Trans. Softw. Eng. Methodol.	1996	["Gianpaolo Cugola", "Elisabetta Di Nitto", "Alfonso Fuggetta", "Carlo Ghezzi"]
Automated Consistency Checking of Requirements Specifications.	ACM Trans. Softw. Eng. Methodol.	1996	["Constance L. Heitmeyer", "Ralph D. Jeffords", "Bruce G. Labaw"]
Lightweight Lexical Source Model Extraction.	ACM Trans. Softw. Eng. Methodol.	1996	["Gail C. Murphy", "David Notkin"]
The STATEMATE Semantics of Statecharts.	ACM Trans. Softw. Eng. Methodol.	1996	["David Harel", "Amnon Naamad"]
Context Constraints for Compositional Reachability Analysis.	ACM Trans. Softw. Eng. Methodol.	1996	["Shing-Chi Cheung", "Jeff Kramer"]
A Framework for Event-Based Software Integration.	ACM Trans. Softw. Eng. Methodol.	1996	["Daniel J. Barrett", "Lori A. Clarke", "Peri L. Tarr", "Alexander E. Wise"]
Program Integration for Languages with Procedure Calls.	ACM Trans. Softw. Eng. Methodol.	1995	["David Binkley", "Susan Horwitz", "Thomas W. Reps"]
Software Trustability Analysis.	ACM Trans. Softw. Eng. Methodol.	1995	["William E. Howden", "Yudong Huang"]
A Concurrency Analysis Tool Suite for Ada Programs: Rational, Design, and Preliminary Experience.	ACM Trans. Softw. Eng. Methodol.	1995	["Michal Young", "Richard N. Taylor", "David L. Levine", "Kari A. Nies", "Debra Brodbeck"]
Aspect: Detecting Bugs with Abstract Dependences.	ACM Trans. Softw. Eng. Methodol.	1995	["Daniel Jackson"]
Signature Matching: A Tool for Using Software Libraries.	ACM Trans. Softw. Eng. Methodol.	1995	["Amy Moormann Zaremski", "Jeannette M. Wing"]
Graph Models for Reachability of Concurrent Programs.	ACM Trans. Softw. Eng. Methodol.	1995	["Mauro Pezz\u00e8", "Richard N. Taylor", "Michal Young"]
Comments on "The Cost of Selective Recompilation and Environment Processing".	ACM Trans. Softw. Eng. Methodol.	1995	["Bevin R. Brett"]
Authors' Response.	ACM Trans. Softw. Eng. Methodol.	1995	["Rolf Adams", "Walter F. Tichy", "Annette Weinert"]
APPL/A: A Language for Software Process Programming.	ACM Trans. Softw. Eng. Methodol.	1995	["Stanley M. Sutton Jr.", "Dennis Heimbigner", "Leon J. Osterweil"]
A Time-Sensitive Object Model for Real-Time Systems.	ACM Trans. Softw. Eng. Methodol.	1995	["H. Rebecca Callison"]
Formalizing Style to Understand Descriptions of Software Architecture.	ACM Trans. Softw. Eng. Methodol.	1995	["Gregory D. Abowd", "Robert J. Allen", "David Garlan"]
Structuring Z Specifications with Views.	ACM Trans. Softw. Eng. Methodol.	1995	["Daniel Jackson"]
The Cost of Selective Recompilation and Environment Processing.	ACM Trans. Softw. Eng. Methodol.	1994	["Rolf Adams", "Walter F. Tichy", "Annette Weinert"]
Double Iterative Framework for Flow-Sensitive Interprocedural Data Flow Analysis.	ACM Trans. Softw. Eng. Methodol.	1994	["Istv\u00e1n Forg\u00e1cs"]
Object-Oriented Logical Specification of Time-Critical Systems.	ACM Trans. Softw. Eng. Methodol.	1994	["Angelo Morzenti", "Pierluigi San Pietro"]
The ASTOOT Approach to Testing Object-Oriented Programs.	ACM Trans. Softw. Eng. Methodol.	1994	["Roong-Ko Doong", "Phyllis G. Frankl"]
A Graphical Interval Logic for Specifying Concurrent Systems.	ACM Trans. Softw. Eng. Methodol.	1994	["Laura K. Dillon", "George Kutty", "Louise E. Moser", "P. M. Melliar-Smith", "Y. S. Ramakrishna"]
An Algebraic Theory of Class Specification.	ACM Trans. Softw. Eng. Methodol.	1994	["Francesco Parisi-Presicce", "Alfonso Pierantonio"]
A Reduced Test Suite for Protocol Conformance Testing.	ACM Trans. Softw. Eng. Methodol.	1994	["Philip J. Bernhard"]
The Larch/Smalltalk Interface Specification Language.	ACM Trans. Softw. Eng. Methodol.	1994	["Yoonsik Cheon", "Gary T. Leavens"]
A Simplified Domain-Testing Strategy.	ACM Trans. Softw. Eng. Methodol.	1994	["Bingchiang Jeng", "Elaine J. Weyuker"]
Formal Specification and Designof a Message Router.	ACM Trans. Softw. Eng. Methodol.	1994	["Christian Creveuil", "Gruia-Catalin Roman"]
Validating Real-Time Systems by History-Checking TRIO Specifications.	ACM Trans. Softw. Eng. Methodol.	1994	["Miguel Felder", "Angelo Morzenti"]
Application and Experimental Evaluation of State Space Reduction Methods for Deadlock Analysis in Ada.	ACM Trans. Softw. Eng. Methodol.	1994	["Sastry Duri", "Ugo A. Buy", "R. Devarapalli", "Sol M. Shatz"]
Functional Specification of Time-Sensitive Communicating Systems.	ACM Trans. Softw. Eng. Methodol.	1993	["Manfred Broy"]
Parallel and Distributed Incremental Attribute Evaluation Algorithms for Multiuser Software Development Environments.	ACM Trans. Softw. Eng. Methodol.	1993	["Gail E. Kaiser", "Simon M. Kaplan"]
Markow Analysis of Software Specifications.	ACM Trans. Softw. Eng. Methodol.	1993	["James A. Whittaker", "Jesse H. Poore"]
Experimental Results from an Automatic Test Case Generator.	ACM Trans. Softw. Eng. Methodol.	1993	["Richard A. DeMillo", "A. Jefferson Offutt"]
Simulating Reactive Systems by Deduction.	ACM Trans. Softw. Eng. Methodol.	1993	["Yishai A. Feldman", "Haim Schneider"]
A Meta-Environment for Generating Programming Environments.	ACM Trans. Softw. Eng. Methodol.	1993	["Paul Klint"]
Coordinating Rule-Based Software Processes with ESP.	ACM Trans. Softw. Eng. Methodol.	1993	["Paolo Ciancarini"]
Automated Assistance for Program Restructuring.	ACM Trans. Softw. Eng. Methodol.	1993	["William G. Griswold", "David Notkin"]
A Methodology for Controlling the Size of a Test Suite.	ACM Trans. Softw. Eng. Methodol.	1993	["Mary Jean Harrold", "Rajiv Gupta", "Mary Lou Soffa"]
Retrieving Reusable Software by Sampling Behaviour.	ACM Trans. Softw. Eng. Methodol.	1993	["Andy Podgurski", "Lynn Pierce"]
A Visual Model for Ada Tasking.	ACM Trans. Softw. Eng. Methodol.	1993	["Laura K. Dillon"]
Distributed Real-Time System Specification and Verification in APTL.	ACM Trans. Softw. Eng. Methodol.	1993	["Farn Wang", "Aloysius K. Mok", "E. Allen Emerson"]
Conjunction as Composition.	ACM Trans. Softw. Eng. Methodol.	1993	["Pamela Zave", "Michael Jackson"]
Editorial.	ACM Trans. Softw. Eng. Methodol.	1992	["W. Richards Adrion"]
Investigations of the Software Testing Coupling Effect.	ACM Trans. Softw. Eng. Methodol.	1992	["A. Jefferson Offutt"]
Interprocedural Static Analysis of Sequencing Constraints.	ACM Trans. Softw. Eng. Methodol.	1992	["Kurt M. Olender", "Leon J. Osterweil"]
A Reference Architecture for the Component Factory.	ACM Trans. Softw. Eng. Methodol.	1992	["Victor R. Basili", "Gianluigi Caldiera", "Giovanni Cantone"]
The Automated Production Control Documentation System: A Case Study in Cleanroom Software Engineering.	ACM Trans. Softw. Eng. Methodol.	1992	["Carmen J. Trammell", "Leon H. Binder", "Cathrine E. Snyder"]
The Pan Language-Based Editing System.	ACM Trans. Softw. Eng. Methodol.	1992	["Robert A. Ballance", "Susan L. Graham", "Michael L. Van de Vanter"]
Editorial.	ACM Trans. Softw. Eng. Methodol.	1992	["W. Richards Adrion"]
Building Integrated Software Development Environments Part I: Tool Specification.	ACM Trans. Softw. Eng. Methodol.	1992	["Gregor Engels", "Claus Lewerentz", "Manfred Nagl", "Wilhelm Sch\u00e4fer", "Andy Sch\u00fcrr"]
Structural Testing of Rule-Based Expert Systems.	ACM Trans. Softw. Eng. Methodol.	1992	["James D. Kiper"]
An Experimental Study of Fault Detection In User Requirements Documents.	ACM Trans. Softw. Eng. Methodol.	1992	["G. Michael Schneider", "Johnny Martin", "W. T. Tsai"]
Computing Similarity in a Reuse Library System: An AI-Based Approach.	ACM Trans. Softw. Eng. Methodol.	1992	["Eduardo Ostertag", "James A. Hendler", "Rub\u00e9n Prieto D\u00edaz", "Christine Braun"]
Reconciling Environment Integration and Software Evolution.	ACM Trans. Softw. Eng. Methodol.	1992	["Kevin J. Sullivan", "David Notkin"]
OBSERV - A Prototyping Language and Environment.	ACM Trans. Softw. Eng. Methodol.	1992	["Shmuel S. Tyszberowicz", "Amiram Yehudai"]
A Program Integration Algorithm that Accommodates Semantics-Preserving Transformations.	ACM Trans. Softw. Eng. Methodol.	1992	["Wuu Yang", "Susan Horwitz", "Thomas W. Reps"]
The Design and Implementation of Hierarchical Software Systems with Reusable Components.	ACM Trans. Softw. Eng. Methodol.	1992	["Don S. Batory", "Sean W. O'Malley"]
On Statecharts with Overlapping.	ACM Trans. Softw. Eng. Methodol.	1992	["David Harel", "Chaim-Arie Kahana"]
Detection of Linear Errors via Domain Testing.	ACM Trans. Softw. Eng. Methodol.	1992	["Steven J. Zeil", "Faten H. Afifi", "Lee J. White"]
